category,revenue,quantity
Baby Care,348227.18,655
Cold Drinks & Juices,392717.62,758
Dairy & Breakfast,639222.1900000001,1114
Fruits & Vegetables,559053.08,966
Grocery & Staples,359937.82,895
Household Care,444244.25,1078
Instant & Frozen Food,307212.65,742
Personal Care,394894.61,887
Pet Care,539888.75,1003
Pharmacy,592368.57,973
Snacks & Munchies,394648.71,963
