category,stock_received,damaged_stock
Baby Care,9700,4828
Cold Drinks & Juices,11107,6604
Dairy & Breakfast,14873,8890
Fruits & Vegetables,13670,8120
Grocery & Staples,15036,7144
Household Care,12034,8210
Instant & Frozen Food,10183,5910
Personal Care,12239,7524
Pet Care,17521,7528
Pharmacy,17318,7366
Snacks & Munchies,13845,8144
