category,revenue,stock_received
Baby Care,348227.18,9700
Cold Drinks & Juices,392717.62,11107
Dairy & Breakfast,639222.1900000001,14873
Fruits & Vegetables,559053.08,13670
Grocery & Staples,359937.82,15036
Household Care,444244.25,12034
Instant & Frozen Food,307212.65,10183
Personal Care,394894.61,12239
Pet Care,539888.75,17521
Pharmacy,592368.57,17318
Snacks & Munchies,394648.71,13845
